<?xml version="1.0" encoding="utf-8"?>
<extension type="plugin" version="2.5" method="upgrade" group="vmcoupon">
	<name>VMCoupon - CmCoupon</name>
	<creationDate>2013-12-17</creationDate>
	<author>Seyi Cmfadeju</author>
	<copyright>Copyright (C) Seyi Cmfadeju - All rights reserved.</copyright>
	<authorEmail>dev@cmfadeju.com</authorEmail>
	<authorUrl>http://cmdev.com</authorUrl>
	<version>2.0.1</version>
	<description>CmCoupon for Virtuemart</description>
	<files>
		<filename plugin="cmcoupon">cmcoupon.php</filename>
	</files>
	<scriptfile>script.php</scriptfile>
</extension>
