<?xml version="1.0" encoding="utf-8"?>
<extension type="plugin" version="2.5" method="upgrade" group="vmshipment">
	<name>VmShipment - Cmcoupon Free Gift Certificates</name>
	<creationDate>2013-06-06</creationDate>
	<author>Seyi Cmfadeju</author>
	<copyright>Copyright (C) Seyi Cmfadeju - All rights reserved.</copyright>
	<authorEmail>dev@cmfadeju.com</authorEmail>
	<authorUrl>http://cmdev.com</authorUrl>
	<version>2.0.0</version>
	<description>Gift certificates ship free</description>
	<files>
		<filename plugin="cmcoupon">cmcoupon.php</filename>
	</files>
	<scriptfile>script.php</scriptfile>
	
	<config>
		<fields name="params">
			<fieldset name="general" label="General" description="" >
				<field name="shipment_logos" type="vmfiles" label="VMSHIPMENT_CMCOUPON_LOGOS" 
					description=""
					directory="/images/stories/virtuemart/shipment"
					hide_default="1" hide_none="1"
					/>
			</fieldset>	
			
		</fields>
	</config>
</extension>
